937	ABAP Programmierer
938	Abfalltechniker
939	Abfüller
940	Abkanter
941	Abrechner
942	Absolvent
943	Abteilungsleiter
944	Accountant
945	Accountmanager
946	Administrator
947	Agent
948	Akquisiteur
949	Aktuar
950	Akustiker
951	Akustikingenieur
952	Alias Designer
953	Alleinbuchhalter
954	Allrounder
955	Altenpfleger
956	Ambulante Krankenpflege
957	Ambulante Pflege
958	Amtschef
959	Analyst
960	Analytiker
961	Anästhesiepfleger
962	Anästhesist
963	Animateur
964	Anlageberater
965	Anlagenbauer
966	Anlagenfahrer
967	Anlagenführer
968	Anlagenkonstrukteur
969	Anlagenmechaniker
970	Anlagenmonteur
971	Anlagentechniker
972	Anwalt
973	Anwaltssekretär
974	Anwendungsadministrator
975	Anwendungsberater
976	Anwendungsentwickler
977	Anwendungstechniker
978	Apotheker
979	Application Engineer
980	Application Manager
981	Applikations Support Ingenieur
982	Applikationsingenieur
983	Arbeiter
984	Arbeitsvorbereiter
985	Archäologe
986	Architekt
987	Area Manager
988	Area Sales Manager
989	Art Director
990	Arzt
991	Arzthelfer
992	Arzthelferin
993	Arztsekretär
994	Arztsekretärin
995	Asphaltbauer
996	Assessment Experte
997	Asset Manager
998	Assistant Manager
999	Assistent
1000	Assistent Ausbildung
1001	Assistent Buchhaltung
1002	Assistent der Geschäftsleitung
1003	Assistent Einkauf
1004	Assistent Finance
1005	Assistent Management
1006	Assistent Personalberatung
1007	Assistent Projektleitung
1008	Assistent Rechnungswesen
1009	Assistent Reporting
1010	Assistent technischer Einkauf
1011	Assistent Vorstand
1012	Assistentin
1013	Assistenzarzt
1014	Associate Scientist
1015	Audio Ingenieur
1016	Auditor
1017	Auftragsabwickler
1018	Auftragssachbearbeiter
1019	Aufzugsmonteur
1020	Augenarzt
1021	Augenoptiker
1022	Augenoptikermeister
1023	Ausbilder
1024	Ausbildungsberuf
1025	Aushilfe
1026	Auslieferungsfahrer
1027	Außendienstmitarbeiter
1028	Außenhandelskaufmann
1029	Auszubildender
1030	Automations Ingenieur
1031	Automatisierungstechniker
1032	Automechaniker
1033	Automobilingenieur
1034	Automobilkaufmann
1035	Automobilverkäufer
1036	Automotive Ingenieur
1037	Back Office
1038	Bäcker
1039	Bademeister
1040	Baggerführer
1041	Bankangestellter
1042	Bankkauffrau
1043	Bankkaufmann
1044	Barkeeper
1045	Baugeräteführer
1046	Bauhelfer
1047	Bauingenieur
1048	Bauklemptner
1049	Baukonstrukteur
1050	Baukontrolleur
1051	Baukostenkalkulator
1052	Bauleiter
1053	Baumaschinenführer
1054	Bauprojektleiter
1055	Bauschlosser
1056	Baustoffprüfer
1057	Bautechniker
1058	Bauzeichner
1059	Behälterbauer
1060	Beleuchter
1061	Berater
1062	Beraterin
1063	Beratungsingenieur
1064	Berechnungsingenieur
1065	Bereichsleiter
1066	Bergbauingenieur
1067	Berufseinsteiger
1068	Berufskraftfahrer
1069	Beschichter
1070	Bestücker
1071	Beteiligungscontroller
1072	Betonbauer
1073	Betriebsassistent
1074	Betriebselektriker
1075	Betriebsingenieur
1076	Betriebsleiter
1077	Betriebsmittelkonstrukteur
1078	Betriebsschlosser
1079	Betriebstechniker
1080	Betriebswirt
1081	Bewährungshelfer
1082	Bezirksleiter
1083	Bibliothekar
1084	Bilanzbuchhalter
1085	Bildbearbeiter
1086	Bildhauer
1087	Bildungsberater
1088	Binnenschiffer
1089	Biochemiker
1090	Bioinformatiker
1091	Biologe
1092	Biologielaborant
1093	Biologin
1094	Biologisch Technischer Assistent
1095	Biostatistician
1096	Biotechnologe
1097	Blechschlosser
1098	Blogger
1099	Bodenleger
1100	Bodensteward
1101	Bootsbauer
1102	Botschafter
1103	Brand Consultant
1104	Brandschutzfachmann
1105	Brauer
1106	Briefsortierer
1107	Buchbinder
1108	Buchhalter
1109	Buchhalterin
1110	Buchhändler
1111	Büroangestellte
1112	Bürohilfskraft
1113	Bürokauffrau
1114	Bürokaufmann
1115	Bürokraft
1116	Busfahrer
1117	Business
1118	Business Manager
1119	Business Unit Manager
1120	Business Analyst
1121	Business Consultant
1122	Business Development Manager
1123	Business Process Analyst
1124	CAD Konstrukteur
1125	Callcenter Agent
1126	Case Manager
1127	Category Manager
1128	Change Manager
1129	Channel Account Manager
1130	Chauffeur
1131	Chefarzt
1132	Chefkoch
1133	Chefsekretärin
1134	Chemieingenieur
1135	Chemielaborant
1136	Chemikant
1137	Chemiker
1138	Chief Operating Officer
1139	Chirurg
1140	Chirurgiemechaniker
1141	Choreograph
1142	Clinical Research Manager
1143	Clubmanager
1144	CNC Abkanter
1145	CNC Bohrer
1146	CNC Dreher
1147	CNC Schleifer
1148	CNC Fräser
1149	Coach
1150	Coaching
1151	Commercial Manager
1152	Community Manager
1153	Compliance Officer
1154	Configuration Management Engineer
1155	Consultant
1156	Consultant SAP
1157	Content Manager
1158	Contract Manager
1159	Controller
1160	Country Manager
1161	Creative Director
1162	Customer Relationship Manager
1163	Customer Service Manager
1164	Dachdecker
1165	Data Mining Spezialist
1166	Datenbankadministrator
1167	Datenerfasser
1168	Datenschutzbeauftragter
1169	Datentechnischer Assistent
1170	Datentypist
1171	Debitoren Manager
1172	Debitorenbuchhalter
1173	Dentalassistent
1174	Design Manager
1175	Designer
1176	Design Ingenieur
1177	Detektiv
1178	Developer
1179	Diabetesfachberater
1180	Diakon
1181	Dipl Ingenieur
1182	Diplom
1183	Director Human Resource
1184	Disponent
1185	Dokumentalist
1186	Dolmetscher
1187	Dozent
1188	Dramaturg
1189	Dreher
1190	Drogist
1191	Drucker
1192	Drucktechniker
1193	Drug Safety Officer
1194	Drug Safty Spezialist
1195	E Commerce Manager
1196	EDV Administrator
1197	Einkäufer
1198	Einkaufsassistent
1199	Einkaufscontroller
1200	Einkaufsleiter
1201	Einkaufssachbearbeiter
1202	Einzelhandelskauffrau
1203	Einzelhandelskaufleute
1204	Einzelhandelskaufmann
1205	Einzelhändler
1206	Eisenbahner
1207	E Learning Spezialist
1208	Elektriker
1209	Elektroanlagenmonteur
1210	Elektroingenieur
1211	Elektroinstallateur
1212	Elektrokonstrukteur
1213	Elektromonteur
1214	Elektroniker
1215	Elektroniker Energie  und Gebäudetechnik
1216	Elektroniker für Betriebstechnik
1217	Elektrotechniker
1218	Empfangsassistent
1219	Empfangsdame
1220	Empfangskraft
1221	Empfangsmitarbeiter
1222	Energieanlageneletroniker
1223	Energieberater
1224	Energieingenieur
1225	Engineer
1226	Engineering Manager
1227	Entbindungspfleger
1228	Entwickler
1229	Entwicklungsingenieur
1230	Entwicklungsleiter
1231	Ergotherapeut
1232	Erlebnispädagoge
1233	Ernährungsberater
1234	Erzieher
1235	Erzieherin
1236	Europasekretär
1237	Event Manager
1238	Executive Assistant
1239	Experte
1240	Exportsachbearbeiter
1241	Facharzt
1242	Facharzt Anästhesiologie
1243	Facharzt Dermatologie
1244	Facharzt für Innere Medizin
1245	Facharzt Gynäkologie
1246	Facharzt Ophthalmologie
1247	Facharzt Orthopädie
1248	Facharzt Pädiatrie
1249	Facharzt Psychiatrie
1250	Facharzt Radiologie
1251	Fachärztin Chirurgie
1252	Fachinformatiker
1253	Fachingenieur
1254	Fachkraft
1255	Fachkraft für Lagerlogistik
1256	Fachkraft für Lebensmitteltechnik
1257	Fachkraft für Schutz und Sicherheit
1258	Fachkraft für Veranstaltungstechnik
1259	Fachmann
1260	Fachverkäufer
1261	Facilitator
1262	Facility Manager
1263	Fahrer
1264	Fahrzeuglackierer
1265	Fassadenmonteur
1266	Feinmechaniker
1267	Feinwerkmechaniker
1268	Fensterbauer
1269	Fernseh Journalist
1270	Fertigungsingenieur
1271	Fertigungsmechaniker
1272	Filialleiter
1273	Financial Analyst
1274	Finanz  und Rechnungswesenfachmann
1275	Finanzberater
1276	Finanzbuchhalter
1277	Finanzleiter
1278	Finanzplaner
1279	Firmenkundenberater
1280	Fleischer
1281	Fleischereifachverkäufer
1282	Flight Attendant
1283	Florist
1284	Flottenmanager
1285	Flugbegleiter
1286	Fluggerätemechaniker
1287	Fluggerätmechaniker
1288	Flugzeugtechniker
1289	Forscher
1290	Forschungsassistent
1291	Forschungsingenieur
1292	Förster
1293	Fotograf
1294	Fräser
1295	Freileitungsmonteur
1296	Freiwilliger Mitarbeiter
1297	Fremdsprachen Assistent
1298	Fremdsprachenassistentin
1299	Fremdsprachenkorrespondent
1300	Fremdsprachensekretär
1301	Fremdsprachensekretärin
1302	Friseur
1303	Friseure
1304	Friseurin
1305	Führungskraft
1306	Fundraiser
1307	Fundraising
1308	Gabelstaplerfahrer
1309	Galerist
1310	Galvaniseur
1311	Gärtner
1312	Gas  und Wasserinstallateur
1313	Gebäudereiniger
1314	Gebäudetechniker
1315	Gebietsleiter
1316	General Counsel
1317	Geograf
1318	Geoinformatiker
1319	Geologe
1320	Geomatiker
1321	Geophysiker
1322	Gerüstbauer
1323	Geschäftsführer
1324	Gesundheitsberater
1325	GIS Spezialist
1326	Glaser
1327	Grafikdesigner
1328	Grafiker
1329	Großhandelskaufmann
1330	Hardwareentwickler
1331	Hausmeister
1332	Hauswart
1333	Hausverwalter
1334	Hauswirtschafter
1335	Hauswirtschafterin
1336	Head Regulatory Affairs
1337	Health Manager
1338	Hebamme
1339	Heilpädagoge
1340	Heilpraktiker
1341	Heimleiter
1342	Heizungstechnik
1343	Helfer
1344	Herausgeber
1345	Hilfsarbeiter
1346	Hilfskraft
1347	Historiker
1348	HLK Ingenieur
1349	Hochbauingenieur
1350	Holzbearbeitungsmechaniker
1351	Holzmechaniker
1352	Hoteldirektor
1353	Hotelfachfrau
1354	Hotelfachleute
1355	Hotelfachmann
1356	HR Manager
1357	Illustrator
1358	Immobilienbewirtschafter
1359	Immobilienkaufmann
1360	Immobilienmakler
1361	Immobilienschützer
1362	Inbetriebnahmefachmann
1363	Inbetriebnahmeleiter
1364	Industriedesigner
1365	Industriekauffrau
1366	Industriekaufleute
1367	Industriekaufmann
1368	Industriemechaniker
1369	Informatiker
1370	Informatik Ingenieur
1371	Informatikkaufmann
1372	Information Manager
1373	Informationselektroniker
1374	Ingenieur
1375	Ingenieurbüro
1376	Innenarchitekt
1377	Innovationsmanager
1378	Inspektor
1379	Instruktor
1380	Intendant
1381	Internist
1382	Interviewer
1383	IT Administrator
1384	IT Berater
1385	IT Kundenbetreuer
1386	IT Leiter
1387	IT Manager
1388	IT Mitarbeiter
1389	IT Projektmanager
1390	IT Supporter
1391	IT Systemadministrator
1392	IT Systemelektroniker
1393	IT Systemkaufmann
1394	Java Entwickler
1395	Journalist
1396	Jugendbetreuer
1397	Junior Manager
1398	Jurist
1399	Kalkulator
1400	Kälteanlagenbauer
1401	Kameramann
1402	Kapitän
1403	Kardiologe
1404	Karosseriebauer
1405	Kartograf
1406	Käufer
1407	Kauffrau im Einzelhandel
1408	Kaufmann
1409	Kaufmann für audiovisuelle Medien
1410	Kaufmann im Einzelhandel
1411	Kaufmännischer Angestellter
1412	Kaufmännischer Leiter
1413	Kaufmännischer Mitarbeiter
1414	Key Account Manager
1415	Kfz Mechaniker
1416	Kieferorthopäde
1417	Kindergärtnerin
1418	Kinderkrankenschwester
1419	Kleinkinderzieher
1420	Klempner
1421	Klimatechnik
1422	Koch
1423	Kommissionierer
1424	Kommunikationschef
1425	Kommunikations Designer
1426	Komponist
1427	Konditor
1428	Konservator
1429	Konstrukteur
1430	Konstruktionsingenieur
1431	Konstruktionsleiter
1432	Konstruktionsmechaniker
1433	Konzeptioner
1434	Kosmetikerin
1435	Kraftfahrer
1436	Kraftfahrzeugmechaniker
1437	Kraftfahrzeugmechatroniker
1438	Kranführer
1439	Krankengymnast
1440	Krankenpfleger
1441	Krankenpflegerin
1442	Krankenschwester
1443	Kreditmanager
1444	Kreditorenbuchhalter
1445	Kreditsachbearbeiter
1446	Kundenberater
1447	Kundenbetreuer
1448	Künstler
1449	Laborant
1450	Laborassistent
1451	Laborleiter
1452	Lackierer
1453	Lacklaborant
1454	Lagerarbeiter
1455	Lagerfachkraft
1456	Lagerist
1457	Lagerlogistiker
1458	Landmaschinenmechaniker
1459	Landwirt
1460	Layouter
1461	Lebensberater
1462	Lebensmittelchemiker
1463	Lebensmittelingenieur
1464	Lebensmitteltechniker
1465	Legal Counsel
1466	Lehrer
1467	Lehrling
1468	Leitender Ingenieur
1469	Leiter
1470	Leiter der Unternehmensentwicklung
1471	Leiter Facility Management
1472	Leiter Forschung und Entwicklung
1473	Leiter im Pflegedienst
1474	Leiter im Rechtsdienst
1475	Leiter Instandhaltung
1476	Leiter Kundendienst
1477	Leiter Marketing und Verkauf
1478	Leiter Personalentwicklung
1479	Leiter Produktentwicklung
1480	Leiter Produktmanagement
1481	Leiter Qualitätsmanagement
1482	Leiter Sicherheits Risikomanagement
1483	Leiter Software Entwicklung
1484	Leiter Supply Chain
1485	Leiter Technik
1486	Leiter Verkaufsinnendienst
1487	Leiter Verkaufstraining
1488	Leiter Verpackung
1489	Leiter Wohngruppe
1490	Leiter Konstruktion
1491	Lektor
1492	Logistiker
1493	Logistikleiter
1494	Logistikplaner
1495	Lohnbuchhalter
1496	Luft  und Raumfahrtingenieur
1497	Luft  und Raumfahrttechnik
1498	MAG Schweißer
1499	Makler
1500	Maler
1501	Management Analyst
1502	Manager
1503	Manager Medical Affairs
1504	Marketingassistent
1505	Marketingberater
1506	Marketingleiter
1507	Marketingmanager
1508	Marktforscher
1509	Maschinenbauingenieur
1510	Maschinenbautechniker
1511	Maschinenbediener
1512	Maschinenführer
1513	Maschineningenieur
1514	Masseur
1515	Mathematiker
1516	Maurer
1517	Mechanical Design Engineer
1518	Mechaniker
1519	Mechatroniker
1520	Mechatronik Ingenieur
1521	Mediaberater
1522	Mediator
1523	Medical Advisor
1524	Medical Manager
1525	Mediengestalter
1526	Medientechnologe
1527	Medizinischer Direktor
1528	Medizinischer Dokumentationsassistent
1529	Medizinphysiker
1530	Medizintechniker
1531	Messtechniker
1532	Metallbauer
1533	Metzger
1534	MIG Schweißer
1535	Mitarbeiter Marketing
1536	Modedesigner
1537	Model
1538	Monteur
1539	Montierer
1540	MSR Techniker
1541	MTA
1542	Müllwerker
1543	Multimedia Produzent
1544	Musiker
1545	Musiklehrer
1546	Musikproduzent
1547	Musikwissenschafter
1548	Näher
1549	Netzwerkadministrator
1550	Netzwerk Ingenieur
1551	New Media Konzepter
1552	Niederlassungsleiter
1553	Notar
1554	Notarfachangestellter
1555	Oberarzt
1556	Oberflächenbeschichter
1557	Obermonteur
1558	Office Manager
1559	Offset Drucker
1560	Ökologe
1561	Önologe
1562	Operations Manager
1563	Operator
1564	Optiker
1565	Optometrie
1566	Organisator
1567	Osteopath
1568	Pächter
1569	Packer
1570	Pädagoge
1571	Partner
1572	Patentanwalt
1573	Patent Assessor
1574	Patentingenieur
1575	Patissier
1576	Personalberater
1577	Personalleiter
1578	Personalreferent
1579	Personalrekrutierer
1580	Personalsachbearbeiter
1581	Personalvermittler
1582	Pflege Ausbildner
1583	Pflegehelfer
1584	Pharmaberater
1585	Pharmakant
1586	Pharmareferent
1587	Pharmatechniker
1588	Pharmazeutisch technischer Assistent
1589	Philosoph
1590	Physiker
1591	Physik Laborant
1592	Physiotherapeut
1593	Pilot
1594	PKA Pharmazeutisch kaufmännischer Assistent
1595	Planer
1596	Polier
1597	Politologe
1598	Polsterer
1599	Portfolio Manager
1600	Praktikant
1601	Präsident
1602	CEO
1603	PR Assistent
1604	Private Banker
1605	Privatkundenberater
1606	PR Manager
1607	Process Engineer
1608	Product Engineer
1609	Produktentwickler
1610	Produktgestalter
1611	Produktionsdesigner
1612	Produktionsfachkraft Chemie
1613	Produktionshelfer
1614	Produktionsingenieur
1615	Produktionsleiter
1616	Produktionsmechaniker
1617	Produktionsplaner
1618	Produktmanagement Assistent
1619	Produktmanager
1620	Professor
1621	Programmierer
1622	Programmiersprache
1623	Projectmanager
1624	Projektassistent
1625	Projektcontroller
1626	Projektentwickler
1627	Projektingenieur
1628	Projektleiter
1629	Projektmanager
1630	Property Manager
1631	Prorektor
1632	Prozessingenieur
1633	PR Redaktor
1634	Prüffeld Techniker
1635	Psychiater
1636	Psychologe
1637	Psychotherapeut
1638	PTA
1639	Qualifizierungsingenieur
1640	Qualitätsmanager
1641	Qualitätsplaner
1642	Qualitätsprüfer
1643	Qualitätstechniker
1644	Raumausstatter
1645	Raumpflegerin
1646	Rechtsanwalt
1647	Rechtsanwaltsfachangestellte
1648	Recruiter
1649	Redakteur
1650	Redner
1651	Referent
1652	Regionalverkaufsleiter
1653	Regisseur
1654	Regulatory Affairs Specialist
1655	Regulatory Manager
1656	Reinigungskraft
1657	Reiseleiter
1658	Reiseverkehrskaufmann
1659	Reporter
1660	Requisiteur
1661	Resident Engineer
1662	Restaurantfachmann
1663	Retail Manager
1664	Rettungsassistent
1665	Rettungssanitäter
1666	Rettungsschwimmer
1667	Revisior
1668	Richter
1669	Risikocontroller
1670	Risk Manager
1671	Rohrleitungsbauer
1672	Sachbearbeiter
1673	Sales Account Manager
1674	Sales Manager
1675	Sanitärtechnik
1676	SAP Applikationsentwickler
1677	SAP BI Berater
1678	SAP Berater
1679	Sattler
1680	Satz
1681	Schauspieler
1682	Schichtführer
1683	Schichtleiter
1684	Schiffsbauingenieur
1685	Schlosser
1686	Schneider
1687	Schreiner
1688	Schriftsteller
1689	Schulleiter
1690	Schweißer
1691	Schweißfachingenieur
1692	Scrum Master
1693	sekretär
1694	Senior Ingenieur für Verfahrenstechnik
1695	Senior Projektingenieur
1696	Senior Systems Engineer
1697	Senior Technical Consultant
1698	Senior Consultant
1699	Service Delivery Manager
1700	Serviceassistent
1701	Servicefachangestellter
1702	Service Ingenieur
1703	Servicekaufmann Luftverkehr
1704	Servicekraft
1705	Servicemanager
1706	Servicetechniker
1707	Service Techniker
1708	Sicherheitsbeauftragter
1709	Sicherheitsingenieur
1710	Sicherheitsmitarbeiter
1711	Social Media Manager
1712	Softwarearchitekt
1713	Software Engineer
1714	Softwareentwickler
1715	Software Entwickler
1716	Sound Designer
1717	Sozialarbeiter
1718	Sozialpädagoge
1719	Sozialversicherungsangestellter
1720	Sozialversicherungs Experte
1721	Sozialversicherungsfachangestellte
1722	Speditionskaufmann
1723	Spezialist Trade Finance
1724	Spezialist
1725	Spitaldirektor
1726	Sportlehrer
1727	Sports
1728	Sportwissenschaftler
1729	Sprachlehrer
1730	Sprachwissenschaftler
1731	SPS Software Ingenieur
1732	Staatsanwalt
1733	Städtebau
1734	Stadtplaner
1735	Staff Scientist
1736	Stahlbauschlosser
1737	Statiker
1738	Stationsarzt
1739	Stellvertretender Leiter
1740	Steuerberater
1741	Steuerberater Assistent
1742	Steuerfachangestellter
1743	Steuerfachwirt
1744	Steuerreferent
1745	Storemanager
1746	Straßenbauer
1747	Studiengangsleiter
1748	Studienkoordinator
1749	Stylist
1750	Supervisor
1751	Supply Chain Manager
1752	Supply Chain Management
1753	Supporter
1754	Synchronsprecher
1755	Systemadministrator
1756	Systemanalytiker
1757	Systembetreuer
1758	Systemelektroniker
1759	Systemingenieur
1760	Systemspezialist
1761	Systemtechniker
1762	Tankwart
1763	Teamassistent
1764	Teamleiter
1765	Teamsekretär
1766	Technical Trainer
1767	Technical Consultant
1768	Techniker
1769	Technischer Berater
1770	Technischer Leiter
1771	Technischer Sachbearbeiter
1772	Technischer Supporter
1773	Technischer Assistent
1774	Technischer Redakteur
1775	Technischer Zeichner
1776	Telefonischer Kundenbetreuer
1777	Testingenieur
1778	Texter
1779	Textildesigner
1780	Textilingenieur
1781	Theaterwissenschafter
1782	Therapeut
1783	Tierarzt
1784	Tierpfleger
1785	Tischler
1786	Tockenbaumonteuer
1787	Tonmeister
1788	Trader
1789	Traffic Manager
1790	Trainee
1791	Trainer
1792	Treasurer
1793	Trockenbauer
1794	Turbinenschlosser
1795	Tutor
1796	TV Produzent
1797	Übersetzer
1798	Umweltberater
1799	Umweltschutztechniker
1800	Umweltwissenschaftler
1801	Unternehmensberater
1802	User Experience Designer
1803	Veranstaltungskaufmann
1804	Verfahrensmechaniker
1805	Verfahrenstechniker
1806	Verkäufer
1807	Verkaufsförderer
1808	Verkaufsinnendienstmitarbeiter
1809	Verkaufsleiter
1810	Verkaufstrainer
1811	Verkehrsingenieur
1812	Verkehrsplaner
1813	Verlagskaufmann
1814	Vermessungsingenieur
1815	Vermessungstechniker
1816	Vermögensberater
1817	Verpackungsdesigner
1818	Verpackungsfachmann
1819	Verpackungsmittelmechaniker
1820	Versicherungsberater
1821	Versicherungsfachmann
1822	Versicherungskaufmann
1823	Versicherungsmakler
1824	Versuchsingenieur
1825	Vertriebsassistent
1826	Vertriebscontroller
1827	Vertriebsingenieur
1828	Vertriebsleiter
1829	Vertriebsmitarbeiter
1830	Vertriebsspezialist
1831	Vertriebstrainer
1832	Verwalter
1833	Verwaltungsangestellter
1834	Verwaltungsassistent
1835	Verwaltungsdirektor
1836	Verwaltungsfachangestellter
1837	Verwaltungsrat
1838	Verwaltungswirt
1839	Vikar
1840	Volkswirt
1841	Volljurist
1842	Volontär
1843	Vorsitzender
1844	Vorstandsassistent
1845	Webdesigner
1846	Webentwickler
1847	Webmaster
1848	Wellness Manager
1849	Werbekaufmann
1850	Werbetexter
1851	Werkleiter
1852	Werkstoffingenieur
1853	Werkstoffprüfer
1854	Werkzeugmacher
1855	Werkzeugmechaniker
1856	Winzer
1857	Wirtschaftsinformatiker
1858	Wirtschaftsingenieur
1859	Wirtschaftsprüfer
1860	Wissenschaftlicher Projektmanager
1861	Wissensmanager
1862	Zahnarzt
1863	Zahnarzthelfer
1864	Zahntechniker
1865	Zeichner
1866	Zerspanungsmechaniker
1867	Zimmerer
1868	Zweiradmechaniker
